{"name":"5e786ae0-0b5b-4227-86d3-09dd9bea18d1","id":"/providers/Microsoft.Flow/flows/5e786ae0-0b5b-4227-86d3-09dd9bea18d1","type":"Microsoft.Flow/flows","properties":{"apiId":"/providers/Microsoft.PowerApps/apis/shared_logicflows","displayName":"Send_Alerta","definition":{"metadata":{"workflowEntityId":null,"processAdvisorMetadata":null,"flowChargedByPaygo":null,"flowclientsuspensionreason":"None","flowclientsuspensiontime":null,"flowclientsuspensionreasondetails":null,"creator":{"id":"29e439d5-0920-4c1c-8561-079b962cfa75","type":"User","tenantId":"fabd047c-ff48-492a-8bbb-8f98b9fb9cca"},"provisioningMethod":"FromDefinition","failureAlertSubscription":true,"clientLastModifiedTime":"2024-05-23T06:03:32.3935796Z","connectionKeySavedTimeKey":"2024-05-23T06:03:32.3935796Z"},"$schema":"https://schema.management.azure.com/providers/Microsoft.Logic/schemas/2016-06-01/workflowdefinition.json#","contentVersion":"1.0.0.0","parameters":{"$connections":{"defaultValue":{},"type":"Object"},"$authentication":{"defaultValue":{},"type":"SecureObject"}},"triggers":{"manual":{"metadata":{"operationMetadataId":"b7403574-0db4-46a8-9fad-b79ba352db95"},"type":"Request","kind":"PowerAppV2","inputs":{"schema":{"type":"object","properties":{"text":{"title":"Cliente","type":"string","x-ms-dynamically-added":true,"description":"Escribir entrada","x-ms-content-hint":"TEXT"},"text_1":{"title":"Mes","type":"string","x-ms-dynamically-added":true,"description":"Escribir entrada","x-ms-content-hint":"TEXT"},"text_2":{"title":"Hora","type":"string","x-ms-dynamically-added":true,"description":"Escribir entrada","x-ms-content-hint":"TEXT"},"text_3":{"title":"Energía Activa","type":"string","x-ms-dynamically-added":true,"description":"Escribir entrada","x-ms-content-hint":"TEXT"}},"required":["text","text_1","text_2","text_3"]}}}},"actions":{"Enviar_correo_electrónico_(V2)":{"runAfter":{},"metadata":{"operationMetadataId":"cc530270-54bb-4921-8fac-5c7aa2061db8"},"type":"OpenApiConnection","inputs":{"host":{"apiId":"/providers/Microsoft.PowerApps/apis/shared_office365","connectionName":"shared_office365","operationId":"SendEmailV2"},"parameters":{"emailMessage/To":"jd.diaze1@uniandes.edu.co","emailMessage/Subject":"Alerta Anomalía @{triggerBody()['text']}","emailMessage/Body":"<!DOCTYPE html>\n<html lang=\"en\">\n<head>\n    <meta charset=\"UTF-8\">\n    <meta name=\"viewport\" content=\"width=device-width, initial-scale=1.0\">\n    <style>\n        body {\n            font-family: Arial, sans-serif;\n            background-color: #f4f4f4;\n            margin: 0;\n            padding: 0;\n        }\n        .container {\n            width: 100%;\n            max-width: 600px;\n            margin: 0 auto;\n            background-color: #ffffff;\n            padding: 20px;\n            border: 1px solid #dddddd;\n            border-radius: 5px;\n            box-shadow: 0 0 10px rgba(0, 0, 0, 0.1);\n        }\n        .header {\n            background-color: #007BFF;\n            color: #ffffff;\n            padding: 10px 20px;\n            text-align: center;\n            border-radius: 5px 5px 0 0;\n        }\n        .content {\n            padding: 20px;\n        }\n        .content h1 {\n            color: #333333;\n        }\n        .content p {\n            color: #555555;\n        }\n        .footer {\n            text-align: center;\n            padding: 10px 20px;\n            background-color: #f4f4f4;\n            border-radius: 0 0 5px 5px;\n            font-size: 12px;\n            color: #777777;\n        }\n        .data-table {\n            width: 100%;\n            border-collapse: collapse;\n            margin: 20px 0;\n        }\n        .data-table th, .data-table td {\n            border: 1px solid #dddddd;\n            padding: 10px;\n            text-align: left;\n        }\n        .data-table th {\n            background-color: #007BFF;\n            color: #ffffff;\n        }\n        .data-table tr:nth-child(even) {\n            background-color: #f9f9f9;\n        }\n    </style>\n</head>\n<body>\n    <div class=\"container\">\n        <div class=\"header\">\n            <h1>Alerta de Energía</h1>\n        </div>\n        <div class=\"content\">\n            <h1>Detalles de la Alerta</h1>\n            <p>Se ha detectado una anomalía en los datos de energía. A continuación se muestran los detalles:</p>\n            <table class=\"data-table\">\n                <tr>\n                    <th>Energía Activa</th>\n                    <td>@{triggerBody()['text_3']}</td>\n                </tr>\n                <tr>\n                    <th>Cliente</th>\n                    <td>@{triggerBody()['text']}</td>\n                </tr>\n                <tr>\n                    <th>Mes</th>\n                    <td>@{triggerBody()['text_1']}</td>\n                </tr>\n                <tr>\n                    <th>Hora</th>\n                    <td>@{triggerBody()['text_2']}</td>\n                </tr>\n            </table>\n            <p>Por favor, revise los datos y tome las medidas necesarias.</p>\n        </div>\n        <div class=\"footer\">\n            <p>Este es un mensaje automático. No responda a este correo.</p>\n            <p>&copy; 2024 Su Empresa. Todos los derechos reservados.</p>\n        </div>\n    </div>\n</body>\n</html>\n","emailMessage/Importance":"Normal"},"authentication":{"value":"@json(decodeBase64(triggerOutputs().headers['X-MS-APIM-Tokens']))['$ConnectionKey']","type":"Raw"}}}}},"connectionReferences":{"shared_office365":{"connectionName":"shared-office365-0eef4d30-570c-4b5e-9a80-dc059981f3ea","source":"Invoker","id":"/providers/Microsoft.PowerApps/apis/shared_office365","tier":"NotSpecified"}},"flowFailureAlertSubscribed":false,"isManaged":false}}