{"schemaVersion":"1.0","appDefinitionTemplate":{"id":"/providers/Microsoft.PowerApps/apps/","type":"Microsoft.PowerApps/apps","tags":{"primaryDeviceWidth":"1366","primaryDeviceHeight":"768","supportsPortrait":"true","supportsLandscape":"true","primaryFormFactor":"Tablet","showStatusBar":"false","publisherVersion":"3.24045.24","minimumRequiredApiVersion":"2.2.0","hasComponent":"false","hasUnlockedComponent":"false","isUnifiedRootApp":"false","sienaVersion":"20240523T062518Z-3.24045.24.0"},"properties":{"appVersion":"2024-05-23T06:25:28Z","lifeCycleId":"Published","createdByClientVersion":{"major":3,"minor":24045,"build":24,"revision":0,"majorRevision":0,"minorRevision":0},"minClientVersion":{"major":3,"minor":24045,"build":24,"revision":0,"majorRevision":0,"minorRevision":0},"backgroundColor":"RGBA(0,176,240,1)","backgroundImageUri":"/3289522549796724979/Nc274899d-d5c5-4dd3-9841-6897b3337273-logoSmallFile","displayName":"Isolation","description":"","commitMessage":"","appUris":{"documentUri":{"value":"/3289522549796724979/N00ddaef7-2e73-44a4-980c-de1da583dfc1-document.msapp"},"imageUris":[],"additionalUris":[{"isSolutionAware":false,"value":"/3289522549796724979/N466a5e5e-711b-4412-847f-e264d4ba53f5-identity.json"}]},"createdTime":"0001-01-01T00:00:00Z","lastModifiedTime":"0001-01-01T00:00:00Z","sharedGroupsCount":0,"sharedUsersCount":0,"connectionReferences":{"54b011d5-b0e6-40cc-ac6d-c206cee45676":{"id":"c112df89-c130-4a06-96ee-5687d19c185f","displayName":"Flujos lógicos","iconUri":"https://connectoricons-prod.azureedge.net/u/patelronak/specialtrain-logicflows-2/1.0.1692.3734/logicflows/icon.png","dataSources":["Flujo-isolation"],"dependencies":[],"dependents":[],"parameterHints":{"workflowName":{"value":"802f27b2-488e-4469-a14b-cf0468be4eac"},"workflowEntityId":{},"workflowDisplayName":{"value":"Flujo-isolation"}},"parameterHintsV2":{"workflowName":{"value":"802f27b2-488e-4469-a14b-cf0468be4eac"},"workflowEntityId":{},"workflowDisplayName":{"value":"Flujo-isolation"}},"isOnPremiseConnection":false,"bypassConsent":false,"dataSets":{},"apiTier":"Standard","isCustomApiConnection":false,"actions":["Run"],"nestedActions":[]},"99325b3a-7d3d-4e3d-9d50-f27f1cb386d1":{"id":"c112df89-c130-4a06-96ee-5687d19c185f","displayName":"Flujos lógicos","iconUri":"https://connectoricons-prod.azureedge.net/u/patelronak/specialtrain-logicflows-2/1.0.1692.3734/logicflows/icon.png","dataSources":["Send_Alerta"],"dependencies":["5dcad3b9-82e2-4627-9f74-3afe66e999be"],"dependents":[],"parameterHints":{"workflowName":{"value":"0ee1a771-628d-422a-959b-9586a8694f75"},"workflowEntityId":{},"workflowDisplayName":{"value":"Send_Alerta"},"5dcad3b9-82e2-4627-9f74-3afe66e999be":{"value":"shared_office365"}},"parameterHintsV2":{"workflowName":{"value":"0ee1a771-628d-422a-959b-9586a8694f75"},"workflowEntityId":{},"workflowDisplayName":{"value":"Send_Alerta"},"shared_office365":{"value":"5dcad3b9-82e2-4627-9f74-3afe66e999be"}},"isOnPremiseConnection":false,"bypassConsent":false,"dataSets":{},"apiTier":"Standard","isCustomApiConnection":false,"actions":["Run"],"nestedActions":[{"id":"/providers/Microsoft.PowerApps/apis/shared_office365/apiOperations/SendEmailV2","apiName":"Office 365 Outlook","actionName":"SendEmailV2","referencedResources":[]}]},"5dcad3b9-82e2-4627-9f74-3afe66e999be":{"id":"167bc341-4031-472d-a27f-209a28d68b33","displayName":"Office 365 Outlook","iconUri":"https://connectoricons-prod.azureedge.net/releases/v1.0.1677/1.0.1677.3637/office365/icon.png","dataSources":[],"dependencies":[],"dependents":["99325b3a-7d3d-4e3d-9d50-f27f1cb386d1"],"parameterHints":{},"parameterHintsV2":{},"isOnPremiseConnection":false,"bypassConsent":false,"dataSets":{},"apiTier":"Standard","isCustomApiConnection":false},"b20fc50c-2b2a-4bda-830a-00d09a654d9e":{"id":"097f7067-4069-44d7-9801-7afac02413a2","displayName":"SharePoint","iconUri":"https://connectoricons-prod.azureedge.net/releases/v1.0.1685/1.0.1685.3700/sharepointonline/icon.png","dataSources":["Historico_Anomalias"],"dependencies":[],"dependents":[],"parameterHints":{},"parameterHintsV2":{},"isOnPremiseConnection":false,"bypassConsent":false,"dataSets":{"https://uniandes.sharepoint.com/sites/Analtica_Datos":{"dataSources":{"Historico_Anomalias":{"tableName":"bb793557-808b-43e3-8f42-9b1c9cefecf8"}}}},"apiTier":"Standard","isCustomApiConnection":false,"actions":["providers/PowerPlatform.Governance/Operations/Read","providers/PowerPlatform.Governance/Operations/Write"]}},"databaseReferences":{},"almMode":"Environment","performanceOptimizationEnabled":true,"canConsumeAppPass":true,"enableModernRuntimeMode":false,"executionRestrictions":{"isTeamsOnly":false,"dataLossPreventionEvaluationResult":{"status":"Compliant","lastEvaluationDate":"2024-05-23T06:25:32.8649303Z","violations":[],"violationsByPolicy":[],"violationErrorMessage":"La aplicación usa los siguientes conectores: shared_logicflows, shared_office365, shared_sharepointonline."},"httpActionRestriction":{"appUsesSharepointHttpAction":false,"enforcementStrategy":"Legacy","evaluationTime":"2024-05-23T06:25:32.8647508Z"}}},"appType":"ClassicCanvasApp","appComponents":[]}}