{"name":"f9e8a7bd-d6dc-429b-a064-a09d4555db7b","id":"/providers/Microsoft.Flow/flows/f9e8a7bd-d6dc-429b-a064-a09d4555db7b","type":"Microsoft.Flow/flows","properties":{"apiId":"/providers/Microsoft.PowerApps/apis/shared_logicflows","displayName":"Flujo-isolation","definition":{"metadata":{"workflowEntityId":null,"processAdvisorMetadata":null,"flowChargedByPaygo":null,"flowclientsuspensionreason":"None","flowclientsuspensiontime":null,"flowclientsuspensionreasondetails":null,"creator":{"id":"29e439d5-0920-4c1c-8561-079b962cfa75","type":"User","tenantId":"fabd047c-ff48-492a-8bbb-8f98b9fb9cca"},"provisioningMethod":"FromDefinition","failureAlertSubscription":true,"clientLastModifiedTime":"2024-05-23T05:48:28.4197714Z","connectionKeySavedTimeKey":"2024-05-23T05:48:28.4197714Z"},"$schema":"https://schema.management.azure.com/providers/Microsoft.Logic/schemas/2016-06-01/workflowdefinition.json#","contentVersion":"undefined","parameters":{"$authentication":{"defaultValue":{},"type":"SecureObject"},"$connections":{"defaultValue":{},"type":"Object"}},"triggers":{"manual":{"type":"Request","kind":"PowerAppV2","inputs":{"schema":{"type":"object","properties":{"number":{"description":"Escriba un número.","title":"Active_energy","type":"number","x-ms-content-hint":"NUMBER","x-ms-dynamically-added":true},"number_1":{"description":"Escriba un número.","title":"Mes","type":"number","x-ms-content-hint":"NUMBER","x-ms-dynamically-added":true},"number_2":{"description":"Escriba un número.","title":"Hora","type":"number","x-ms-content-hint":"NUMBER","x-ms-dynamically-added":true}},"required":["number","number_1","number_2"]}}}},"actions":{"HTTP":{"runAfter":{},"type":"Http","inputs":{"uri":"http://20.75.217.53/predict/","method":"POST","headers":{"Content-Type":"application/json","Accept":"*/*"},"body":{"Active_energy":"@triggerBody()?['number']","Mes":"@triggerBody()?['number_1']","Hora":"@triggerBody()?['number_2']"}},"runtimeConfiguration":{"contentTransfer":{"transferMode":"Chunked"}}},"Responder_a_un_flujo_de_aplicación_Power_App":{"runAfter":{"Inicializar_variable":["Succeeded"]},"type":"Response","kind":"PowerApp","inputs":{"schema":{"type":"object","properties":{"prediction":{"title":"prediction","type":"string","x-ms-content-hint":"TEXT","x-ms-dynamically-added":true}},"additionalProperties":{}},"statusCode":200,"body":{"prediction":"@variables('Response')"}}},"Inicializar_variable":{"runAfter":{"HTTP":["Succeeded"]},"type":"InitializeVariable","inputs":{"variables":[{"name":"Response","type":"string","value":"@{body('HTTP')}"}]}}}},"connectionReferences":{},"flowFailureAlertSubscribed":false,"isManaged":false}}